timestamp,acc_x,acc_y,acc_z,gyro_x,gyro_y,gyro_z
1789721055416,-9.624691,-0.33518824,0.825999536,3.537556,0.188788652,0.037304748
1789721055788,-9.6845452,-0.25378536,0.93852708,3.5578072,0.190254216,0.0528928
1789721056116,-9.677363,-0.375889668,0.7230489,3.5292956,0.19038744,0.07061256
1789721056445,-9.574412,-0.521936,0.48123456,3.5534104,0.181727408,0.0369050536
1789721056812,-9.655815,-0.8451532,0.7517793,3.5735284,0.19211944,0.06022052
1789721057148,-9.636662,-0.6751649,0.9768343,3.5781916,0.19891424,0.061686064
1789721057519,-9.706094,-0.29688102,0.9911995,3.547948,0.19038744,0.06475038
1789721057849,-9.617508,-0.32561144,0.7374141,3.5428852,0.1885222,0.03743798
1789721058185,-9.607931,-0.50517652,0.45010992,3.5487472,0.200113316,0.07607503
1789721058554,-9.581595,-0.80445176,0.7038953,3.5551424,0.19198622,0.040235836
1789721058886,-9.555259,-0.60812724,1.0031705,3.572329,0.20104594,0.07594181
1789721059260,-9.574412,-0.4165911,0.91219084,3.5348912,0.18132772,0.0547580432
1789721059589,-9.662998,-0.22505496,0.7015011,3.552078,0.189987736,0.059687596
1789721059927,-9.703699,-0.50517652,0.60094464,3.5320932,0.20677488,0.052626336
1789721060296,-9.6845452,-0.7158663,0.806845936,3.58498632,0.19291884,0.0678147
1789721060625,-9.583989,-0.6536171,0.9768343,3.5542096,0.19811484,0.059687596
1789721061001,-9.56723,-0.46926352,0.9552865,3.53236,0.18159418,0.030509954
1789721061330,-9.624691,-0.20111294,0.7086837,3.531827,0.182926492,0.07794027
1789721061661,-9.545682,-0.49559976,0.5363012,3.5300948,0.2017121,0.029843798
1789721062024,-9.674969,-0.6464345,0.6560113,3.577925,0.19345174,0.05435835
1789721062360,-9.677363,-0.7589619,0.89782568,3.55287736,0.18772282,0.041568144
1789721062691,-9.715671,-0.4357447,0.91697928,3.5761928,0.19891424,0.06368453
1789721063057,-9.564836,-0.361524436,0.7086837,3.5270308,0.19145328,0.06315161
1789721063392,-9.603143,-0.356736068,0.51714752,3.556075,0.195317,0.073543648
1789721063763,-9.581595,-0.816422768,0.533907,3.5592728,0.1778637,0.0466309336
1789721064101,-9.639056,-0.7134721,0.91219084,3.6011072,0.2051761,0.062218988
1789721064429,-9.634268,-0.371101236,0.9672575,3.55234468,0.197049,0.05595712
1789721064799,-9.591172,-0.41180268,0.81402856,3.5303614,0.17799694,0.061686064
1789721065127,-9.634268,-0.4213795,0.46208092,3.5466156,0.2017121,0.07500919
1789721065500,-9.536105,-0.7685388,0.60333884,3.5555422,0.17493262,0.020650842
1789721065826,-9.514558,-0.641646,0.92655608,3.563003,0.2055758,0.06062021
1789721066156,-9.581595,-0.51235916,0.9888053,3.5366232,0.1889219,0.030776416
1789721066529,-9.679757,-0.2681506,0.825999536,3.5555422,0.187856052,0.052626336
1789721066857,-9.548077,-0.4381389,0.5530606,3.53382536,0.20890658,0.05049464
1789721067187,-9.653421,-0.62009824,0.61291564,3.5857856,0.19584992,0.06435069
1789721067688,-9.564836,-0.7613561,0.91458504,3.56286968,0.200379792,0.06861409
1789721068064,-9.569624,-0.46926352,0.9648633,3.53502468,0.183459432,0.043833076
1789721068392,-9.610326,-0.33279404,0.7182605,3.5310276,0.18519142,0.07061256
1789721068720,-9.61272,-0.50517652,0.48841716,3.5366232,0.193585,0.01718683
1789721069088,-9.615114,-0.6895301,0.6488287,3.568732,0.17386676,0.07794027
1789721069418,-9.672575,-0.7541735,0.8595184,3.559539,0.1999801,0.044632464
1789721069749,-9.691729,-0.383072268,0.9672575,3.5450168,0.188788652,0.064084224
1789721070113,-9.61272,-0.371101236,0.7062895,3.5314272,0.18066156,0.06861409
1789721070441,-9.624691,-0.48602296,0.46447512,3.537556,0.19851454,0.06808116
1789721070771,-9.555259,-0.816422768,0.6584055,3.5591392,0.17906278,0.026779478
1789721071138,-9.593566,-0.6775591,0.90021984,3.59098168,0.20570904,0.0723445636
1789721071472,-9.557653,-0.51714752,0.9864111,3.530894,0.18585758,0.03557274
1789721071849,-9.742006,-0.23942018,0.89782568,3.55594168,0.18452526,0.05688974
1789721072178,-9.557653,-0.45250412,0.59615624,3.5339584,0.20943952,0.044499232
1789721072516,-9.636662,-0.6775591,0.5650316,3.5821884,0.19291884,0.0443660032
1789721072884,-9.574412,-0.7015011,0.91219084,3.5765924,0.211171508,0.07301072
1789721073214,-9.619903,-0.48362876,0.9744401,3.554343,0.19771516,0.042367532
1789721073591,-9.619903,-0.17477672,0.797269168,3.54888068,0.18119448,0.080604892
1789721073920,-9.643845,-0.4165911,0.5434838,3.5266308,0.187856052,0.017586524
1789721074248,-9.629479,-0.7062895,0.7062895,3.58112268,0.19145328,0.0723445636
1789721074616,-9.679757,-0.7445967,0.8643068,3.56486816,0.19145328,0.07194487
1789721074947,-9.631873,-0.4333505,1.0031705,3.5591392,0.19545022,0.06688208
1789721075279,-9.634268,-0.39504328,0.7685388,3.5178376,0.17493262,0.0518269536
1789721075643,-9.629479,-0.3184288,0.59855044,3.5555422,0.18519142,0.040635528
1789721075979,-9.574412,-0.7469909,0.5267244,3.5463492,0.178663084,0.012124043
1789721076357,-9.667787,-0.7541735,0.842759,3.5719296,0.18758958,0.049961712
1789721076687,-9.619903,-0.557849,0.9672575,3.53915468,0.18838898,0.044765696
1789721077019,-9.615114,-0.356736068,0.81881692,3.5264976,0.18772282,0.03650536
1789721077384,-9.655815,-0.2681506,0.5506664,3.550879,0.19211944,0.08433538
1789721077710,-9.555259,-0.61770404,0.56982,3.5705972,0.19238591,0.046897396
1789721078040,-9.572019,-0.7685388,0.830788,3.56486816,0.196382852,0.07261103
1789721078409,-9.579201,-0.50996492,0.945709632,3.546216,0.19371822,0.048762636
1789721078744,-9.619903,-0.3878607,0.8571242,3.52023584,0.18066156,0.066349156
1789721079075,-9.629479,-0.4141969,0.6584055,3.537156,0.20704136,0.07794027
1789721079443,-9.65821,-0.7015011,0.5482722,3.559006,0.192785584,0.05808882
1789721079770,-9.677363,-0.8451532,0.8762778,3.565801,0.18838898,0.061686064
1789721080145,-9.634268,-0.5650316,1.0055647,3.5777916,0.20024656,0.06674885
1789721080472,-9.586384,-0.361524436,0.821211136,3.5179708,0.1799954,0.039169984
1789721080801,-9.691729,-0.24660278,0.7134721,3.552744,0.18625728,0.06848086
1789721081171,-9.679757,-0.5722142,0.5722142,3.5390216,0.19944716,0.042367532
1789721081498,-9.646238,-0.7589619,0.8451532,3.6029724,0.19838132,0.08300307
1789721081829,-9.610326,-0.60812724,1.0510546,3.5591392,0.1941179,0.06101991
1789721082195,-9.591172,-0.47165772,0.90500824,3.5335588,0.1906539,0.043833076
1789721082520,-9.607931,-0.383072268,0.7374141,3.5259648,0.20024656,0.06701531
1789721082851,-9.562442,-0.40222588,0.47165772,3.57033068,0.19265238,0.059021436
1789721083220,-9.504981,-0.806845936,0.6847417,3.553544,0.190920368,0.061686064
1789721083554,-9.600749,-0.61052144,0.9744401,3.583254,0.19718222,0.07394334
1789721083883,-9.583989,-0.32321724,0.92895024,3.538222,0.18239356,0.056756508
1789721084252,-9.533711,-0.359130268,0.6631939,3.5154396,0.189987736,0.06062021
1789721084586,-9.624691,-0.51475332,0.521936,3.538222,0.200646252,0.06581623
1789721084956,-9.737218,-0.8619126,0.6679823,3.57152984,0.179862168,0.06661562
1789721085287,-9.607931,-0.6536171,0.931344464,3.557274,0.19864778,0.06341807
1789721085620,-9.569624,-0.45010992,0.9576807,3.5290292,0.18212712,0.051027564
1789721085985,-9.648633,-0.25617956,0.7517793,3.540487,0.18452526,0.05342573
1789721086322,-9.543288,-0.5626374,0.51475332,3.52636436,0.19851454,0.017586524
1789721086651,-9.6845452,-0.7015011,0.62249244,3.5807228,0.18612406,0.04396631
1789721087018,-9.665392,-0.6751649,1.0486604,3.554343,0.196782532,0.068214392
1789721087361,-9.689334,-0.39264908,0.9624691,3.565934,0.20264472,0.054225112
1789721087727,-9.643845,-0.23463176,0.7781156,3.537556,0.18732312,0.070479332
1789721088053,-9.598354,-0.3854665,0.48123456,3.5499464,0.18305972,0.037171516
1789721088385,-9.629479,-0.80445176,0.60333884,3.5550092,0.17479938,0.06008729
1789721088750,-9.622296,-0.7278373,0.9600749,3.5662008,0.1941179,0.05808882
1789721089080,-9.627085,-0.45250412,0.9696517,3.5400872,0.18279328,0.054091884
1789721089410,-9.581595,-0.34476504,0.79966332,3.5185036,0.193318532,0.05049464
1789721089779,-9.617508,-0.2801216,0.5746084,3.556075,0.19438438,0.077407348
1789721090112,-9.509769,-0.7685388,0.60094464,3.553544,0.19225268,0.027578866
1789721090442,-9.595961,-0.6392518,0.90979668,3.5855192,0.21037214,0.07487596
1789721090809,-9.581595,-0.51954176,0.9888053,3.534092,0.185990816,0.026646248
1789721091139,-9.660604,-0.20111294,0.8571242,3.5519448,0.18532466,0.079805512
1789721091510,-9.610326,-0.39743748,0.58418524,3.5246324,0.208640132,0.06754824
1789721091836,-9.65821,-0.6512229,0.62009824,3.569265,0.193052068,0.0678147
1789721092165,-9.68694,-0.7541735,0.90261408,3.5727288,0.197581932,0.07167841
1789721092537,-9.655815,-0.49320556,0.9864111,3.56979768,0.1949173,0.05142726
1789721092874,-9.610326,-0.3854665,0.7565677,3.5177044,0.17599846,0.043433388
1789721093203,-9.64145,-0.359130268,0.5793968,3.538888,0.18732312,0.029710566
1789721093571,-9.679757,-0.6488287,0.521936,3.562337,0.19545022,0.06768147
1789721093905,-9.603143,-0.7661445,0.792480736,3.583121,0.18838898,0.058621744
1789721094280,-9.598354,-0.44532152,0.9576807,3.56779932,0.20450994,0.07314395
1789721094608,-9.583989,-0.33997664,0.81881692,3.5259648,0.18985452,0.0405023
1789721094941,-9.662998,-0.217872352,0.5530606,3.547282,0.19185298,0.07833997
1789721095310,-9.615114,-0.6440403,0.5482722,3.538755,0.18066156,0.02584686
1789721095644,-9.605537,-0.7086837,0.8762778,3.5795236,0.20237826,0.085667688
1789721096018,-9.581595,-0.60573304,0.9504981,3.548081,0.19744868,0.06461715
1789721096356,-9.672575,-0.24420858,0.866701,3.5555422,0.18758958,0.05795559
1789721096686,-9.622296,-0.2705448,0.50517652,3.52982836,0.19158652,0.07607503
1789721097057,-9.572019,-0.6368576,0.5434838,3.568732,0.19385146,0.053558956
1789721097389,-9.509769,-0.7661445,0.8403648,3.565801,0.20384378,0.07674119
1789721097762,-9.583989,-0.557849,0.9816227,3.5484808,0.19291884,0.06501684
1789721098091,-9.607931,-0.22744916,0.8714894,3.5408868,0.18798928,0.0723445636
1789721098425,-9.591172,-0.40701428,0.58657944,3.5376892,0.20397704,0.06808116
1789721098796,-9.545682,-0.5770026,0.39983168,3.553277,0.182660032,0.042633996
1789721099127,-9.610326,-0.8283938,0.91219084,3.563003,0.196382852,0.067148548
1789721099497,-9.627085,-0.6512229,0.9720459,3.55527536,0.19478406,0.037837672
1789721099824,-9.636662,-0.4261679,0.825999536,3.53502468,0.180794784,0.046764164
1789721100158,-9.672575,-0.31364042,0.6991069,3.534758,0.18772282,0.03543951
1789721100524,-9.579201,-0.58657944,0.47165772,3.556608,0.20024656,0.07500919
1789721100851,-9.603143,-0.787692336,0.7613561,3.5932468,0.19465084,0.055024504
1789721101184,-9.627085,-0.56982,0.9552865,3.563136,0.193585,0.06288514
1789721101549,-9.607931,-0.4357447,0.90500824,3.5331592,0.18585758,0.051560488
1789721101876,-9.595961,-0.34237084,0.59855044,3.52982836,0.189454816,0.06315161
1789721102206,-9.598354,-0.5482722,0.46208092,3.53728936,0.1778637,0.01718683
1789721102577,-9.605537,-0.7326257,0.6991069,3.5636692,0.19171976,0.06688208
1789721102911,-9.662998,-0.7182605,0.89782568,3.5592728,0.19345174,0.043433388
1789721103240,-9.734824,-0.30645782,0.9888053,3.552078,0.1889219,0.04729709
1789721103615,-9.600749,-0.34476504,0.6919243,3.5210352,0.197581932,0.044898928
1789721103947,-9.574412,-0.4237737,0.48602296,3.563003,0.19771516,0.06888055
1789721104316,-9.61272,-0.89303732,0.60573304,3.5747272,0.203177632,0.07221133
1789721104645,-9.591172,-0.62728084,0.94810384,3.578058,0.204909652,0.07114548
1789721104970,-9.545682,-0.4381389,0.91219084,3.5348912,0.1778637,0.05915467
1789721105335,-9.67018,-0.29688102,0.7134721,3.5418194,0.1941179,0.040369064
1789721105667,-9.653421,-0.48841716,0.61291564,3.5310276,0.20677488,0.03757121
1789721105996,-9.591172,-0.6943185,0.6607997,3.563536,0.193318532,0.044099544
1789721106363,-9.557653,-0.7517793,0.9504981,3.5672664,0.200379792,0.05609035
1789721106692,-9.727641,-0.39504328,0.9504981,3.5701976,0.200113316,0.06288514
1789721107028,-9.615114,-0.356736068,0.825999536,3.5303614,0.18132772,0.06874732
1789721107402,-9.564836,-0.45489832,0.49081136,3.52170132,0.20850688,0.036238896
1789721107735,-9.598354,-0.7733272,0.6607997,3.5650016,0.183859108,0.062485452
1789721108103,-9.591172,-0.770933,0.94331544,3.57179616,0.195317,0.061819296
1789721108432,-9.636662,-0.4285621,0.93852708,3.5415528,0.189454816,0.05822205
1789721108759,-9.61272,-0.359130268,0.6967127,3.52436616,0.18439204,0.058888208
1789721109129,-9.648633,-0.28491,0.5602432,3.5640688,0.19251914,0.07261103
1789721109463,-9.557653,-0.797269168,0.59855044,3.5483476,0.18492496,0.026246556
1789721109790,-9.65821,-0.6967127,0.92416184,3.5809892,0.20251148,0.064217452
1789721110151,-9.646238,-0.51954176,1.0007763,3.54195268,0.197581932,0.048362936
1789721110483,-9.598354,-0.25617956,0.7781156,3.53649032,0.18026186,0.079405816
1789721110815,-9.591172,-0.4165911,0.62488664,3.5303614,0.21476876,0.06901378
1789721111186,-9.557653,-0.60812724,0.521936,3.568732,0.19291884,0.04769678
1789721111518,-9.629479,-0.7422025,0.936132864,3.563536,0.19691578,0.06688208
1789721111889,-9.607931,-0.5482722,1.0582372,3.5551424,0.189454816,0.0405023
1789721112217,-9.643845,-0.380678036,0.8403648,3.52716384,0.17733078,0.04849617
1789721112549,-9.605537,-0.32800564,0.5722142,3.547282,0.18532466,0.033973964
1789721112916,-9.617508,-0.6895301,0.4381389,3.547282,0.19811484,0.06794793
1789721113244,-9.677363,-0.7517793,0.80445176,3.5752604,0.19371822,0.06261868
1789721113575,-9.591172,-0.5674258,0.9552865,3.5519448,0.19545022,0.061686064
1789721113941,-9.61272,-0.383072268,0.92416184,3.52023584,0.181993868,0.0405023
1789721114272,-9.629479,-0.4261679,0.6895301,3.5239664,0.199713632,0.07274425
1789721114602,-9.564836,-0.641646,0.50038816,3.5428852,0.178663084,0.011990812
1789721114966,-9.665392,-0.6847417,0.78050976,3.58751768,0.19718222,0.0858009136
1789721115295,-9.653421,-0.62009824,1.0007763,3.55794016,0.19251914,0.037304748
1789721115627,-9.61272,-0.2801216,0.8762778,3.537156,0.1842588,0.06062021
1789721115995,-9.581595,-0.39983168,0.61770404,3.5334256,0.19891424,0.0784732
1789721116324,-9.619903,-0.62009824,0.4213795,3.5519448,0.20584226,0.072477792
1789721116655,-9.674969,-0.8283938,0.7230489,3.5591392,0.19012096,0.045831548
1789721117022,-9.583989,-0.6919243,1.0366893,3.5495464,0.19398468,0.05835528
1789721117353,-9.526528,-0.46447512,0.936132864,3.531827,0.18492496,0.042367532
1789721117729,-9.715671,-0.189141932,0.7374141,3.54888068,0.18798928,0.06794793
1789721118058,-9.591172,-0.5746084,0.5482722,3.53649032,0.195183768,0.015854517
1789721118388,-9.631873,-0.7733272,0.6895301,3.5833874,0.19611638,0.06808116
1789721118756,-9.555259,-0.6560113,0.90740248,3.54435068,0.20291118,0.06022052
1789721119090,-9.749189,-0.30166942,0.936132864,3.55527536,0.19171976,0.043433388
1789721119420,-9.579201,-0.28491,0.6967127,3.5300948,0.18665696,0.07221133
1789721119787,-9.595961,-0.4165911,0.45489832,3.5713968,0.19078712,0.06581623
1789721120116,-9.560047,-0.842759,0.7182605,3.55634136,0.19225268,0.07407656
1789721120446,-9.65821,-0.7422025,0.9672575,3.56140432,0.191186832,0.04916233
1789721120813,-9.555259,-0.48602296,0.9624691,3.5400872,0.17759724,0.061686064
1789721121149,-9.56723,-0.33518824,0.792480736,3.525432,0.1885222,0.042367532
1789721121514,-9.674969,-0.354341868,0.5267244,3.5673996,0.19851454,0.08113782
1789721121844,-9.579201,-0.7398083,0.58897364,3.569265,0.1949173,0.0377044384
1789721122174,-9.581595,-0.641646,0.9768343,3.5576736,0.207174576,0.074609496
1789721122552,-9.579201,-0.48602296,0.9528923,3.53728936,0.186923432,0.03757121
1789721122881,-9.660604,-0.16759412,0.79966332,3.551012,0.18226034,0.07127871
1789721123206,-9.677363,-0.45010992,0.59136784,3.539288,0.2055758,0.05235988
1789721123575,-9.631873,-0.7278373,0.60333884,3.567533,0.17946248,0.069280248
1789721123904,-9.615114,-0.7086837,0.91697928,3.572196,0.19864778,0.06328484
1789721124280,-9.622296,-0.4429273,0.9528923,3.57033068,0.20251148,0.062218988
1789721124611,-9.579201,-0.380678036,0.7733272,3.53196,0.17906278,0.06608269
1789721124944,-9.581595,-0.375889668,0.5722142,3.5402204,0.183459432,0.03130934
1789721125309,-9.615114,-0.7134721,0.60812724,3.5841868,0.18705666,0.06554977
1789721125640,-9.655815,-0.6943185,0.866701,3.58192184,0.20144562,0.04849617
1789721125965,-9.598354,-0.48602296,1.0175357,3.531294,0.19598316,0.049828484
1789721126331,-9.61272,-0.34476504,0.7757214,3.5206356,0.183459432,0.03424043
1789721126667,-9.660604,-0.46686932,0.60094464,3.5398206,0.20450994,0.069280248
1789721126994,-9.519346,-0.7350199,0.49559976,3.5376892,0.181993868,0.0251807024
1789721127361,-9.605537,-0.7038953,0.825999536,3.5853858,0.19944716,0.084601832
1789721127692,-9.61272,-0.5363012,1.0031705,3.552611,0.189454816,0.038903524
1789721128019,-9.627085,-0.25857376,0.878672,3.5366232,0.18052833,0.072477792
1789721128388,-9.607931,-0.39743748,0.62249244,3.53369232,0.207707508,0.06794793
1789721128718,-9.653421,-0.6823475,0.49559976,3.558473,0.19185298,0.0571562
1789721129047,-9.622296,-0.81881692,0.8643068,3.5615376,0.193585,0.06981317
1789721129414,-9.639056,-0.521936,1.0366893,3.5476816,0.193585,0.06288514
1789721129748,-9.581595,-0.33997664,0.8762778,3.5131746,0.185724352,0.04330015
1789721130125,-9.6845452,-0.28491,0.58897364,3.55154536,0.18532466,0.056490044
1789721130458,-9.615114,-0.5722142,0.50757076,3.540354,0.1854579,0.019451762
1789721130788,-9.667787,-0.802057536,0.7517793,3.58525236,0.19185298,0.05169372
1789721131156,-9.607931,-0.58897364,0.9672575,3.55234468,0.19838132,0.05795559
1789721131487,-9.639056,-0.33039984,0.91219084,3.544084,0.19345174,0.049828484
1789721131863,-9.622296,-0.25378536,0.61530984,3.52529868,0.18399234,0.07993874
1789721132198,-9.557653,-0.61052144,0.49081136,3.5522112,0.18186064,0.023182238
1789721132525,-9.619903,-0.7374141,0.792480736,3.59337968,0.19904748,0.08193721
1789721132897,-9.574412,-0.62967504,0.93373864,3.5487472,0.18918836,0.03743798
1789721133229,-9.679757,-0.29927522,0.85473,3.5358238,0.18479174,0.06062021
1789721133601,-9.634268,-0.33279404,0.6344634,3.52916232,0.18305972,0.06661562
1789721133932,-9.591172,-0.50278232,0.44532152,3.5873844,0.20224502,0.077274116
1789721134265,-9.536105,-0.825999536,0.78529816,3.55873952,0.19864778,0.057022972
1789721134643,-9.624691,-0.6895301,0.9840169,3.550879,0.19624962,0.04516539
1789721134978,-9.646238,-0.31364042,0.8858546,3.5320932,0.18519142,0.059287901
1789721135343,-9.636662,-0.39264908,0.6536171,3.5342252,0.19784838,0.07327718
1789721135679,-9.576807,-0.5554548,0.44532152,3.55034632,0.206241952,0.070479332
1789721136007,-9.605537,-0.79008652,0.6703765,3.5789908,0.196382852,0.059687596
1789721136374,-9.646238,-0.62728084,1.0199299,3.578591,0.198781,0.055157732
1789721136705,-9.526528,-0.45250412,0.8690952,3.5190368,0.181727408,0.04330015
1789721137079,-9.694122,-0.24660278,0.78290397,3.544084,0.182926492,0.05822205
1789721137407,-9.674969,-0.5770026,0.49559976,3.5346248,0.19624962,0.017586524
1789721137734,-9.643845,-0.6847417,0.6464345,3.58258832,0.19052068,0.06608269
1789721138103,-9.531317,-0.6703765,1.0582372,3.5546096,0.19611638,0.054091884
1789721138431,-9.706094,-0.33039984,0.9600749,3.55940568,0.189987736,0.05022818
1789721138762,-9.595961,-0.371101236,0.7350199,3.52436616,0.185724352,0.07674119
1789721139132,-9.581595,-0.45968672,0.50038816,3.535957,0.18958806,0.019984684
1789721139460,-9.600749,-0.787692336,0.5291186,3.5768592,0.1825268,0.07301072
1789721139791,-9.639056,-0.7230489,0.92655608,3.58192184,0.1957167,0.04503216
1789721140156,-9.639056,-0.3854665,0.931344464,3.538222,0.191186832,0.061552832
1789721140486,-9.653421,-0.272939,0.7541735,3.538355,0.1846585,0.04942879
1789721140818,-9.636662,-0.4405331,0.5291186,3.54102,0.198781,0.069280248
1789721141189,-9.579201,-0.8283938,0.60573304,3.5490136,0.18066156,0.024114854
1789721141520,-9.574412,-0.7134721,0.9576807,3.5638024,0.206241952,0.059021436
1789721141892,-9.605537,-0.48602296,0.9648633,3.539421,0.182660032,0.031975496
1789721142220,-9.591172,-0.2777274,0.7254431,3.5303614,0.18092802,0.07927258
1789721142553,-9.548077,-0.4333505,0.50278232,3.5186372,0.201578868,0.03943645
1789721142921,-9.67018,-0.6344634,0.60333884,3.5868514,0.19478406,0.062218988
1789721143256,-9.610326,-0.7302315,0.8810662,3.5719296,0.19251914,0.052226644
1789721143585,-9.646238,-0.4381389,0.9816227,3.566467,0.19664932,0.05049464
1789721143949,-9.593566,-0.366312868,0.79487496,3.5280964,0.17519908,0.065283308
1789721144285,-9.605537,-0.29209262,0.5315128,3.55247768,0.1889219,0.082470136
1789721144657,-9.639056,-0.7469909,0.5674258,3.547548,0.17506586,0.033041348
1789721144986,-9.629479,-0.7110779,0.8690952,3.59204736,0.203710576,0.065683
1789721145319,-9.636662,-0.545878,1.0486604,3.54488368,0.19145328,0.04916233
1789721145681,-9.569624,-0.34955344,0.80924016,3.5151732,0.17599846,0.03743798
1789721146015,-9.6845452,-0.4237737,0.63206924,3.5292956,0.20450994,0.07341041
1789721146342,-9.490616,-0.7422025,0.51475332,3.5470152,0.1842588,0.02264931
1789721146708,-9.605537,-0.6967127,0.85473,3.58178836,0.20304442,0.09033078
1789721147040,-9.643845,-0.5386954,0.9792285,3.5655344,0.194517616,0.047563552
1789721147372,-9.595961,-0.29688102,0.8643068,3.53382536,0.1854579,0.07527565
1789721147738,-9.605537,-0.4333505,0.7206547,3.54195268,0.204909652,0.07527565
1789721148072,-9.677363,-0.6512229,0.6536171,3.5538101,0.1906539,0.0466309336
1789721148445,-9.615114,-0.81881692,0.81881692,3.5606048,0.193052068,0.06701531
1789721148770,-9.569624,-0.49559976,0.9911995,3.56140432,0.198781,0.0754088768
1789721149101,-9.576807,-0.375889668,0.8714894,3.5279632,0.1799954,0.03943645
1789721149473,-9.65821,-0.30406362,0.6440403,3.5362236,0.18092802,0.05022818
1789721149805,-9.598354,-0.61291564,0.5243302,3.53196,0.18319296,0.007194487
1789721150138,-9.624691,-0.7517793,0.7661445,3.590049,0.19185298,0.058888208
1789721150500,-9.667787,-0.60573304,0.9935937,3.557274,0.19838132,0.06674885
1789721150829,-9.674969,-0.32321724,0.89782568,3.5450168,0.18972128,0.043833076
1789721151163,-9.598354,-0.356736068,0.59855044,3.52982836,0.18958806,0.07007963
1789721151536,-9.603143,-0.5770026,0.51714752,3.525432,0.18732312,0.011724349
1789721151868,-9.536105,-0.82360536,0.7565677,3.5586064,0.19545022,0.05688974
1789721152239,-9.646238,-0.6536171,0.9816227,3.5550092,0.196382852,0.051560488
1789721152574,-9.631873,-0.3184288,0.90500824,3.5322268,0.18052833,0.06022052
1789721152901,-9.615114,-0.39743748,0.6584055,3.5315604,0.19931394,0.07927258
1789721153270,-9.548077,-0.41180268,0.46926352,3.5598056,0.185990816,0.06328484
1789721153602,-9.619903,-0.842759,0.770933,3.5632696,0.18732312,0.045431852
1789721153929,-9.605537,-0.63206924,0.89303732,3.58751768,0.197315468,0.0555574268
1789721154300,-9.555259,-0.46926352,0.94331544,3.5320932,0.18092802,0.046764164
1789721154629,-9.710882,-0.23463176,0.7278373,3.5463492,0.18492496,0.06648239
1789721155000,-9.619903,-0.51714752,0.5386954,3.537822,0.20291118,0.05249311
1789721155334,-9.674969,-0.6679823,0.6631939,3.5823216,0.19598316,0.061419604
1789721155665,-9.579201,-0.6895301,0.9959879,3.5511456,0.1931853,0.059421132
1789721156027,-9.543288,-0.45489832,0.931344464,3.5300948,0.18372588,0.04076876
1789721156355,-9.646238,-0.375889668,0.7038953,3.529562,0.18026186,0.07127871
1789721156692,-9.586384,-0.4213795,0.46447512,3.540354,0.182926492,0.030509954
1789721157063,-9.65821,-0.6607997,0.6727707,3.580856,0.17906278,0.074609496
1789721157397,-9.624691,-0.7326257,0.91458504,3.563136,0.18958806,0.046497704
1789721157768,-9.703699,-0.366312868,0.9864111,3.5615376,0.20091272,0.063018376
1789721158108,-9.615114,-0.373495468,0.7182605,3.51464,0.19291884,0.051160796
1789721158482,-9.560047,-0.375889668,0.533907,3.54888068,0.18519142,0.038637056
1789721158806,-9.610326,-0.816422768,0.6560113,3.5672664,0.17573202,0.0554242
1789721159137,-9.605537,-0.7110779,0.9935937,3.583521,0.19931394,0.058754976
1789721159513,-9.627085,-0.45489832,0.93852708,3.54781468,0.190920368,0.058754976
1789721159846,-9.600749,-0.2873042,0.7517793,3.5360904,0.19265238,0.040102604
1789721160178,-9.672575,-0.40701428,0.45968672,3.5420856,0.197049,0.07913936
1789721160546,-9.605537,-0.7110779,0.61052144,3.5564748,0.19931394,0.045831548
1789721160876,-9.572019,-0.63206924,0.9959879,3.57632616,0.20610872,0.06448392
1789721161250,-9.622296,-0.47884036,1.0702082,3.5476816,0.18918836,0.043699844
1789721161587,-9.694122,-0.21308396,0.7350199,3.544617,0.18798928,0.07221133
1789721161919,-9.636662,-0.46686932,0.5315128,3.5246324,0.19864778,0.06208576
1789721162287,-9.677363,-0.6871359,0.6967127,3.583254,0.18665696,0.07061256
1789721162622,-9.531317,-0.7182605,0.90261408,3.565268,0.1982481,0.059021436
1789721162992,-9.586384,-0.51475332,0.9504981,3.5331592,0.182926492,0.03543951
1789721163322,-9.615114,-0.359130268,0.78050976,3.5292956,0.18332618,0.07074579
1789721163654,-9.562442,-0.4333505,0.50038816,3.5230336,0.196382852,0.03450689
1789721164021,-9.648633,-0.62488664,0.58418524,3.58178836,0.19691578,0.07394334
1789721164351,-9.595961,-0.7422025,0.8882488,3.55794016,0.18865544,0.047963248
1789721164682,-9.631873,-0.40701428,1.0151415,3.561937,0.20224502,0.06688208
1789721165052,-9.591172,-0.32561144,0.79008652,3.52783016,0.187856052,0.038770292
1789721165382,-9.615114,-0.30885202,0.5291186,3.5450168,0.19664932,0.08340275
1789721165752,-9.595961,-0.62967504,0.51714752,3.545816,0.17546554,0.022116386
1789721166083,-9.588778,-0.6967127,0.89543144,3.58258832,0.20664166,0.07620827
1789721166413,-9.648633,-0.5530606,0.9911995,3.5495464,0.18958806,0.059021436
1789721166781,-9.603143,-0.33518824,0.8403648,3.53236,0.18758958,0.031842264
1789721167117,-9.617508,-0.4165911,0.6512229,3.538222,0.208640132,0.0678147
1789721167444,-9.562442,-0.6344634,0.4333505,3.5564748,0.18625728,0.04276723
1789721167813,-9.600749,-0.7278373,0.8762778,3.562204,0.19798162,0.08393568
1789721168144,-9.653421,-0.5650316,1.0151415,3.56833232,0.19624962,0.040235836
1789721168518,-9.583989,-0.30645782,0.8331822,3.544484,0.1842588,0.070479332
1789721168858,-9.636662,-0.34476504,0.62967504,3.5326264,0.18825574,0.03530628
1789721169232,-9.586384,-0.61291564,0.5291186,3.576726,0.193318532,0.07794027
1789721169574,-9.674969,-0.787692336,0.797269168,3.5638024,0.18865544,0.07274425
1789721169951,-9.598354,-0.58418524,0.9576807,3.54968,0.1885222,0.034640124
1789721170281,-9.639056,-0.32321724,0.821211136,3.5326264,0.18279328,0.062218988
1789721170608,-9.552865,-0.40701428,0.61052144,3.517438,0.20184532,0.054091884
1789721170978,-9.653421,-0.62967504,0.50278232,3.5851196,0.20091272,0.08180398
1789721171313,-9.622296,-0.78290397,0.80445176,3.5681992,0.19052068,0.052759572
1789721171646,-9.651027,-0.5386954,1.0247183,3.5701976,0.20530934,0.0742098
1789721172014,-9.586384,-0.4285621,0.8475474,3.52076868,0.17426646,0.042500768
1789721172347,-9.682152,-0.2657564,0.62967504,3.5455496,0.19291884,0.06861409
1789721172721,-9.6845452,-0.61530984,0.48841716,3.54062,0.19345174,0.04969525
1789721173047,-9.603143,-0.78290397,0.7733272,3.58498632,0.20570904,0.06901378
1789721173381,-9.615114,-0.6344634,1.0247183,3.5450168,0.18865544,0.06062021
1789721173745,-9.56723,-0.4165911,0.82360536,3.520369,0.18012864,0.03663859
1789721174080,-9.610326,-0.378283868,0.6655881,3.5343582,0.195183768,0.07474272
1789721174409,-9.591172,-0.6488287,0.49559976,3.5348912,0.18412558,0.007860643
1789721174778,-9.533711,-0.797269168,0.8283938,3.5673996,0.1941179,0.060353752
1789721175112,-9.624691,-0.62009824,0.945709632,3.5455496,0.1885222,0.040235836
1789721175482,-9.698911,-0.29448682,0.93373864,3.554343,0.19145328,0.056623276
1789721175809,-9.557653,-0.34955344,0.62728084,3.52223432,0.19584992,0.046364476
1789721176137,-9.603143,-0.48841716,0.4429273,3.569398,0.2013124,0.07181164
1789721176506,-9.56723,-0.8403648,0.7015011,3.565801,0.19291884,0.074476264
1789721176835,-9.572019,-0.5770026,1.0151415,3.559006,0.19838132,0.06475038
1789721177164,-9.543288,-0.41180268,0.842759,3.5342252,0.18239356,0.040369064
1789721177531,-9.631873,-0.2633622,0.7230489,3.5431516,0.18932159,0.04503216
1789721177859,-9.627085,-0.5650316,0.5243302,3.5327596,0.197049,0.01851914
1789721178193,-9.737218,-0.7182605,0.7374141,3.595911,0.185990816,0.08047167
1789721178559,-9.579201,-0.7326257,0.89782568,3.54062,0.19891424,0.059021436
1789721178892,-9.689334,-0.32321724,0.931344464,3.5536768,0.189987736,0.06608269
1789721179269,-9.593566,-0.356736068,0.7469909,3.5335588,0.18066156,0.07580858
1789721179595,-9.576807,-0.4309563,0.5554548,3.565268,0.19078712,0.056356816
1789721179925,-9.562442,-0.78290397,0.60333884,3.5555422,0.17586524,0.06008729
1789721180296,-9.631873,-0.7637503,0.89543144,3.559006,0.19505054,0.05435835
1789721180624,-9.598354,-0.44771572,0.9744401,3.5331592,0.1846585,0.05249311
1789721180954,-9.64145,-0.33997664,0.7493851,3.5211684,0.19171976,0.041701376
1789721181321,-9.648633,-0.359130268,0.46686932,3.553144,0.19798162,0.08020521
1789721181647,-9.595961,-0.7398083,0.6344634,3.58112268,0.19438438,0.041168456
1789721181974,-9.603143,-0.7158663,0.9528923,3.5616706,0.20397704,0.060486984
1789721182341,-9.576807,-0.50517652,0.93852708,3.53022816,0.18492496,0.034107196
1789721182671,-9.622296,-0.378283868,0.8475474,3.5343582,0.179595716,0.06475038
1789721183001,-9.586384,-0.40222588,0.521936,3.524899,0.19478406,0.026513018
1789721183367,-9.624691,-0.62967504,0.62967504,3.58392032,0.194517616,0.07327718
1789721183694,-9.634268,-0.7398083,0.78050976,3.58192184,0.195183768,0.050761104
1789721184027,-9.660604,-0.44771572,0.9648633,3.5511456,0.19691578,0.055290964
1789721184392,-9.598354,-0.34715924,0.8379706,3.5211684,0.1778637,0.052759572
1789721184730,-9.627085,-0.356736068,0.5650316,3.52636436,0.20277794,0.07301072
1789721185058,-9.552865,-0.6679823,0.5554548,3.5522112,0.17852986,0.018918836
1789721185430,-9.622296,-0.7374141,0.79966332,3.5740612,0.196382852,0.06328484
1789721185759,-9.636662,-0.521936,0.93852708,3.5418194,0.195183768,0.05395865
1789721186133,-9.636662,-0.2753332,0.91458504,3.544484,0.19265238,0.0421010736
1789721186460,-9.615114,-0.41180268,0.6871359,3.532493,0.20824042,0.07607503
1789721186792,-9.605537,-0.60333884,0.50517652,3.577392,0.19078712,0.056490044
1789721187164,-9.526528,-0.7733272,0.8499416,3.5603384,0.193585,0.05795559
1789721187497,-9.643845,-0.5602432,0.9720459,3.567,0.19478406,0.04276723
1789721187871,-9.619903,-0.2753332,0.8619126,3.5247656,0.18439204,0.06981317
1789721188200,-9.67018,-0.320823,0.60094464,3.5320932,0.18985452,0.036105668
1789721188531,-9.629479,-0.6584055,0.48123456,3.5752604,0.20264472,0.06901378
1789721188898,-9.636662,-0.8451532,0.8475474,3.5740612,0.189055132,0.06741501
1789721189231,-9.617508,-0.5267244,1.0342951,3.55527536,0.19545022,0.061419604
1789721189567,-9.591172,-0.39983168,0.90500824,3.5255652,0.17693108,0.044898928
1789721189935,-9.64145,-0.23702596,0.61770404,3.5418194,0.19265238,0.08313629
1789721190267,-9.610326,-0.58657944,0.58657944,3.544084,0.189055132,0.018652374
1789721190640,-9.629479,-0.8451532,0.7589619,3.5816556,0.1885222,0.049029092
1789721190970,-9.595961,-0.62249244,0.9792285,3.5507458,0.19691578,0.06448392
1789721191301,-9.600749,-0.363918668,0.89064308,3.535291,0.18372588,0.029843798
1789721191663,-9.643845,-0.24420858,0.60333884,3.53728936,0.194517616,0.07341041
1789721191999,-9.545682,-0.48362876,0.44771572,3.5728624,0.193052068,0.053159268
1789721192329,-9.583989,-0.7158663,0.787692336,3.57299552,0.19584992,0.06967994
1789721192698,-9.64145,-0.6679823,1.0031705,3.573928,0.1949173,0.042500768
1789721193026,-9.627085,-0.33039984,0.8714894,3.537156,0.18066156,0.06861409
1789721193356,-9.56723,-0.368707068,0.6919243,3.519703,0.19291884,0.06261868
1789721193723,-9.622296,-0.5410896,0.5267244,3.542219,0.201578868,0.05395865
1789721194051,-9.569624,-0.8403648,0.6967127,3.55287736,0.18758958,0.044499232
1789721194424,-9.622296,-0.58897364,1.0510546,3.58845032,0.20704136,0.07381011
